family,share_contracts
reentrancy,0.8639455782312925
dos_resources,0.4897959183673469
arithmetic,0.2585034013605442
high,0.14965986394557823
access_control,0.006802721088435374
